USE trailerflix;
INSERT INTO Contenidos (id, titulo, categoria, resumen, temporadas, poster) VALUES
(3, 'The Mandalorian', 'Serie', 'Ambientada tras la caída del Imperio y antes de la aparición de la Primera Orden, la serie sigue los pasos de un pistolero solitario en las aventuras que protagoniza en los confines de la galaxia, donde no alcanza la autoridad de la Nueva República.', 2, '/posters/3.jpg'),
(4, 'The Umbrella Academy', 'Serie', 'La muerte de su padre reúne a unos hermanos distanciados y con extraordinarios poderes que descubren impactantes secretos y una amenaza que se cierne sobre la humanidad.', 1, '/posters/4.jpg'),
(5, 'Gambito de Dama', 'Serie', 'En los cincuenta, una joven de un orfanato descubre que tiene un increíble don para el ajedrez y recorre el arduo camino a la fama mientras lucha contra las adicciones.', 1, '/posters/5.jpg'),
(2, 'Riverdale', 'Serie', 'El paso a la edad adulta incluye sexo, romance, escuela y familia. Para Archie y sus amigos, también hay misterios oscuros.', 5, '/posters/2.jpg'),
(1, 'The Crown', 'Serie', 'Este drama narra las rivalidades políticas y el romance de la reina Isabel II, así como los sucesos que moldearon la segunda mitad del siglo XX.', 4, '/posters/1.jpg'),
(6, 'Enola Holmes', 'Película', 'La hermana menor de Sherlock, descubre que su madre ha desaparecido y se dispone a encontrarla. En su búsqueda, saca a relucir el sabueso que corre por sus venas y se encuentra con una conspiración que gira en torno a un misterioso lord, demostrando que su ilustre hermano no es el único talento en la familia.', NULL, '/posters/6.jpg'),
(7, 'Guasón', 'Película', 'Arthur Fleck (Phoenix) es un hombre ignorado por la sociedad, cuya motivación en la vida es hacer reír. Pero una serie de trágicos acontecimientos le llevarán a ver el mundo de otra forma. Película basada en el popular personaje de DC Comics Joker, conocido como archivillano de Batman, pero que en este film tomará un cariz más realista y oscuro.', NULL, '/posters/7.jpg'),
(8, 'Avengers: End Game', 'Película', 'Después de los devastadores eventos de los Vengadores: Infinity War (2018), el universo está en ruinas. Con la ayuda de los aliados restantes, los Vengadores se reúnen una vez más para revertir las acciones de Thanos y restaurar el equilibrio del universo.', NULL, '/posters/8.jpg'),
(9, 'Juego de tronos', 'Serie', 'En un mundo fantástico y en un contexto medieval varias familias, relativas a la nobleza, se disputan el poder para dominar el territorio ficticio de Poniente (Westeros) y tomar el control de los Siete Reinos desde el Trono de Hierro, lugar donde el rey ejerce el poder.', 8, '/posters/9.jpg'),
(10, 'The Flash', 'Serie', 'Sigue las veloces aventuras de Barry Allen, un joven común y corriente con el deseo latente de ayudar a los demás. Cuando una inesperada partícula aceleradora golpea por accidente a Barry, de pronto se encuentra cargado de un increíble poder para moverse a increíbles velocidades. Mientras Barry siempre ha tenido el alma de un héroe, sus nuevos poderes le han dado la capacidad de actuar como tal.', 6, '/posters/10.jpg'),
(11, 'The Big Bang Theory', 'Serie', 'Leonard y Sheldon son dos físicos que comparten trabajo y apartamento. La serie comienza con la mudanza de Penny, su nueva y atractiva vecina, y hace hincapié en la dificultad de los físicos para relacionarse con personas fuera de su entorno para dar lugar a situaciones cómicas.', 12, '/posters/11.jpg'),
(12, 'Friends', 'Serie', '''Friends'' narra las aventuras y desventuras de seis jóvenes de Nueva York: Rachel, Monica, Phoebe, Ross, Chandler y Joey. Ellos forman una unida pandilla de amigos que viven en Manhattan y que suelen reunirse en sus apartamentos o en su bar habitual cafetería, el Central Perk. A pesar de los numerosos cambios que se producen en sus vidas, su amistad es inquebrantable en la dura batalla por salir adelante en sus periplos profesionales y personales.', 10, '/posters/12.jpg'),
(13, 'Anne with an ''E''', 'Serie', 'Anne Shirley es una niña huérfana que vive en un pequeño pueblo llamado Avonlea que pertenece a la Isla del Príncipe Eduardo, en el año 1890. Después de una infancia difícil, donde fue pasando de orfanato a hogares de acogida, es enviada por error a vivir con una solterona y su hermano. Cuando cumple 13 años, Anne va a conseguir transformar su vida y el pequeño pueblo donde vive gracias a su fuerte personalidad, intelecto e imaginación. Basada en la inolvidable novela.', 2, '/posters/13.jpg'),
(14, 'Expedientes Secretos ''X''', 'Serie', 'Fox Mulder y Dana Scully son dos investigadores del FBI que investigan casos sin resolución ni explicación, ya sea por razones paranormales (espíritus, criaturas extrañas, aliens...) ya porque el gobierno se ha encargado de ocultar todo tipo de pruebas. Cuando Mulder tenía doce años, su hermana pequeña fue secuestrada por unos desconocidos, aunque él cree que, en realidad, fue abducida por extraterrestres. Tras acabar sus estudios en la universidad de Oxford, ingresó en la Academia de Quantico, donde se ganó el apodo de ''siniestro''', 11, '/posters/14.jpg'),
(15, 'Chernobyl', 'Serie', 'Sigue «la verdadera historia de una de las peores catástrofes provocadas por el hombre y habla de los valientes hombres y mujeres que se sacrificaron para salvar a Europa de un desastre inimaginable. La miniserie se centra en el desgarrador alcance del desastre de la planta nuclear que ocurrió en Ucrania en abril de 1986, revelando cómo y por qué ocurrió, además contando las sorprendentes y notables historias de los héroes que lucharon y cayeron.', 1, '/posters/15.jpg'),
(16, 'Westworld', 'Serie', '''Westworld'' es una oscura odisea acerca del amanecer de la conciencia artificial y la evolución del pecado. Situada en la intersección del futuro cercano y el pasado reimaginado, explora un mundo donde cada apetito humano, sin importar cuán noble o depravado, puede ser saciado. Está ambientada en un parque temático futurista dirigido por el Dr. Robert Ford (Anthony Hopkins). Las instalaciones cuentan con androides caracterizados del western americano, y gracias a ellos los visitantes pueden introducirse en cualquier tipo de fantasía por muy oscura que sea.', 3, '/posters/16.jpg'),
(17, 'Halt and Catch Fire', 'Serie', 'Situada en los inicios de la década de 1980, un visionario ficticio, un ingeniero electrónico y una prodigiosa ingeniera, se alían a una programadora de software para confrontar con las corporaciones informáticas dominantes de la época. El Personal de la firma y sus socios de negocio, comenzarán una carrera que cambiará la cultura en el Estado de Texas, cuna de las empresas de tecnología, casi de la misma forma que lo es hoy Silicon Valey. 
 Esta historia ficticia emula el trabajo realizado, en su momento, por la firma Compaq, cuando clonó el BIOS de las Computadoras Personales IBM, dando vida así al económico mercado de los clones. Mostrando también, a lo largo de sus 4 temporadas, el nacimiento de la arquitectura abierta de hardware, los videojuegos online, las salas de chat y de trueque de productos físicos, los BBS, y las primeras nubes computacionales, hasta la llegada de Internet (sin dejar afuera la guerra de los web browsers).', 4, '/posters/17.jpg'),
(18, 'Ava', 'Película', 'Ava es una mortífera asesina a sueldo que trabaja para una organización de operaciones encubiertas, que viaja por todo el mundo acabando con aquellos objetivos que nadie más puede derribar. Cuando uno de sus encargos sale mal, Ava tendrá que luchar por una vida.', NULL, '/posters/18.jpg'),
(19, 'Aves de presa y la fantabulosa emancipación de una Harley Quinn', 'Película', 'Después de separarse de Joker, Harley Quinn y otras tres heroínas (Canario Negro, Cazadora y Renée Montoya) unen sus fuerzas para salvar a una niña (Cassandra Cain) del malvado rey del crimen Máscara Negra.', NULL, '/posters/19.jpg'),
(20, 'Archivo', 'Película', '2038: George Almore está trabajando en una verdadera IA equivalente a la humana. Su último prototipo está casi listo. Esta fase sensible también es la más arriesgada. Especialmente porque tiene un objetivo que debe ocultarse a toda costa: reunirse con su esposa muerta.', NULL, '/posters/20.jpg'),
(21, 'Jumanji - The next level', 'Película', 'Las aventuras continúan en el fantástico mundo del video juego Jumanji, donde nada es lo que parece. En esta ocasión, los jugadores vuelven al juego, pero sus personajes se han intercambiado entre sí, lo que ofrece un curioso plantel: los mismos héroes con distinta apariencia y habilidades. Pero, ¿dónde está el resto de la gente?', NULL, '/posters/21.jpg'),
(22, '3022', 'Película', 'La película está ambientada en una estación espacial en el futuro. La tripulación sufre un estrés traumático y considera abandonar su misión después de observar lo que creen que es la destrucción de la Tierra. La película se muestra como una serie de flashbacks y flash-forward.', NULL, '/posters/22.jpg'),
(23, 'IT - Capítulo 2', 'Película', 'En este segundo capitulo Han pasado 27 años desde que el ''Club de los Perdedores'', formado por Bill, Berverly, Richie, Ben, Eddie, Mike y Stanley, se enfrentaran al macabro y despiadado Pennywise (Bill Skarsgård). En cuanto tuvieron oportunidad, abandonaron el pueblo de Derry, en el estado de Maine, que tantos problemas les había ocasionado. Sin embargo, ahora, siendo adultos, parece que no pueden escapar de su pasado. Todos deberán enfrentarse de nuevo al temible payaso para descubrir si de verdad están preparados para superar sus traumas de la infancia.', NULL, '/posters/23.jpg'),
(24, 'Pantera Negra', 'Película', 'T’Challa (Chadwick Boseman) regresa a su hogar en la apartada nación africana de Wakanda para servir como líder de su país. Tras suceder a su padre en el trono, pasa a convertirse en Pantera Negra, una sigilosa criatura de la noche, con agudos sentidos felinos y otras habilidades como súper fuerza e inteligencia, agilidad, estrategia o maestro del combate sin armas. Es bajo el liderazgo de T’Challa como Wakanda consigue convertirse en una de las naciones más ricas y tecnológicamente avanzadas del planeta.', NULL, '/posters/24.jpg'),
(25, 'Contra lo imposible (Ford versus Ferrari)', 'Película', 'Los ganadores del Premio de la Academia® Matt Damon y Christian Bale protagonizan CONTRA LO IMPOSIBLE, basada en la historia real del visionario diseñador americano de automóviles Carroll Shelby (Damon) y el intrépido piloto británico Ken Miles (Bale). Juntos construyen un nuevo coche de carreras para Ford Motor Company y así enfrentar a Enzo Ferrari en las 24 Horas de Le Mans en Francia en 1966.', NULL, '/posters/25.jpg'),
(26, 'Centígrados', 'Película', 'Una joven pareja estadounidense viaja a las montañas árticas de Noruega. Después de detenerse durante una tormenta de nieve, se despiertan atrapados en su SUV, enterrados bajo capas de nieve y hielo.', NULL, '/posters/26.jpg'),
(27, 'DOOM: Aniquilación', 'Película', 'Doom: Aniquilación sigue a un grupo de marines espaciales que han respondido a una llamada de alerta de una base en la luna marciana, solo para descubrir que ha sido tomada por criaturas demoníacas que amenazan con desatar el infierno en la tierra.', NULL, '/posters/27.jpg'),
(28, 'Contagio', 'Película', 'De repente, sin saber cuál es su origen, aunque todo hace sospechar que comienza con el viaje de una norteamericana a un casino de Hong Kong, un virus mortal comienza a propagarse por todo el mundo. En pocos días, la enfermedad empieza a diezmar a la población. El contagio se produce por mero contacto entre los seres humanos. Un thriller realista y sin efectos especiales sobre los efectos de una epidemia.', NULL, '/posters/28.jpg'),
(29, 'Viuda Negra', 'Película', 'Primera pelicula individual de la Viuda Negra en el universo cinematografico de Marvel, contando su historia desde que se inició como doble agente rusa, su niñez, sus misiones, y su actualidad, después de Avengers.', NULL, '/posters/29.jpg'),
(30, 'The Martian', 'Película', 'Durante una misión a Marte de la nave tripulada Ares III, una fuerte tormenta se desata dando por desaparecido y muerto al astronauta Mark Watney (Matt Damon), sus compañeros toman la decisión de irse pero él ha sobrevivido. Está solo y sin apenas recursos en el planeta. Con muy pocos medios deberá recurrir a sus conocimientos, su sentido del humor y un gran instinto de supervivencia para lograr sobrevivir y comunicar a la Tierra que todavía está vivo esperando que acudan en su rescate.', NULL, '/posters/30.jpg'),
(31, 'Ex-Machina', 'Película', 'Un programador multimillonario selecciona a Caleb, un joven empleado de su empresa, para que pase una semana en un lugar remoto con el objetivo de que participe en un test en el que estará involucrada su última creación: un robot-mujer en el que inteligencia artificial lo es todo.', NULL, '/posters/31.jpg'),
(32, 'Jurassic World', 'Película', 'Veintidós años después de lo ocurrido en Jurassic Park, la isla Nublar ha sido transformada en un enorme parque temático, Jurassic Wold, con versiones «domesticadas» de algunos de los dinosaurios más conocidos. Cuando todo parece ir sobre ruedas y ser el negocio del siglo, un nuevo dinosaurio de especie desconocida, pues ha sido creado manipulando genéticamente su ADN, y que resulta ser mucho más inteligente de lo que se pensaba, se escapa de su recinto y comienza a causar estragos entre los visitantes del Parque.', NULL, '/posters/32.jpg'),
(33, 'Soy leyenda', 'Película', 'Años después de que una plaga mate a la mayoría de la humanidad y transforme al resto en monstruos, el único superviviente en la ciudad de Nueva York lucha valientemente para encontrar una cura.', NULL, '/posters/33.jpg'),
(34, 'El primer hombre en la luna', 'Película', 'Cuenta la historia de la misión de la NASA que llevó al primer hombre a la luna, centrada en Neil Armstrong (interpretado por Ryan Gosling) y el periodo comprendido entre los años 1961 y 1969. Un relato en primera persona, basado en la novela de James R. Hansen, que explora el sacrificio y el precio que representó, tanto para Armstrong como para Estados Unidos, una de las misiones más peligrosas de la historia.', NULL, '/posters/34.jpg'),
(35, 'Titanes del pacífico - La insurrección', 'Película', 'Han pasado 10 años tras la primera invasión que sufrió la humanidad, pero la lucha aún no ha terminado. El planeta vuelve a ser asediado por los Kaiju, una raza de alienígenas colosales, que emergen desde un portal interdimensional con el objetivo de destruir a la raza humana. Ante esta nueva amenaza, los Jaegers, robots gigantes de guerra pilotados por dos personas para sobrellevar la inmensa carga neuronal que conlleva manipularlos, ya no están a la altura de lo que se les viene encima. Será entonces cuando los supervivientes de la primera invasión, además de nuevos personajes como el hijo de Pentecost, tendrán que idear la manera de sorprender al enorme enemigo, apostando por nuevas estrategias defensivas y de ataque. Con la Tierra en ruinas e intentando reconstruirse, esta nueva batalla puede ser decisiva para el futuro.', NULL, '/posters/35.jpg');


INSERT INTO Categorias (nombre) VALUES
('Serie');
('Película');


INSERT INTO Generos (nombre) VALUES
('Ciencia Ficción'),
('Fantasía'),
('Drama'),
('Ficción'),
('Sucesos'),
('Misterio'),
('Hechos verídicos'),
('Crimen'),
('Suspenso'),
('Aventura'),
('Sci-Fi'),
('Acción'),
('Comedia'),
('Familia'),
('Western'),
('Tecnología'),
('Terror'),
('Historia'),
('Intriga'),
('¿Ficción?'),
('Hechos veríficos');


INSERT INTO Actores (nombre) VALUES
('Pedro Pascal'),
('Carl Weathers'),
('Misty Rosas'),
('Chris Bartlett'),
('Rio Hackford'),
('Giancarlo Esposito'),
('Tom Hopper'),
('David Castañeda'),
('Emmy Raver-Lampman'),
('Robert Sheehan'),
('Aidan Gallagher'),
('Elliot Page'),
('Anya Taylor-Joy'),
('Thomas Brodie-Sangster'),
('Harry Melling'),
('Moses Ingram'),
('Chloe Pirrie'),
('Janina Elkin'),
('Lili Reinhart'),
('Casey Cott'),
('Camila Mendes'),
('Marisol Nichols'),
('Madelaine Petsch'),
('Mädchen Amick'),
('Claire Fox'),
('Olivia Colman'),
('Matt Smith'),
('Tobias Menzies'),
('Vanesa Kirby'),
('Helena Bonham Carter'),
('Millie Bobby Brown'),
('Henry Cavill'),
('Sam Claflin'),
('Louis Partridge'),
('Adeel Akhtar'),
('Joaquin Phoenix'),
('Robert De Niro'),
('Zazie Beetz'),
('Frances Conroy'),
('Brett Cullen'),
('Shea Whigham'),
('Robert Downey Jr.'),
('Chris Evans'),
('Mark Ruffalo'),
('Chris Hemsworth'),
('Scarlett Johansson'),
('Jeremy Renner'),
('Emilia Clarke'),
('Lena Headey'),
('Sophie Turner'),
('Kit Harington'),
('Peter Dinklage'),
('Nikolaj Coster-Waldau'),
('Grant Gustin'),
('Carlos Valdes'),
('Danielle Panabaker'),
('Candice Patton'),
('Jesse L. Martin'),
('Tom Cavanagh'),
('Jim Parsons'),
('Johnny Galecki'),
('Kaley Cuoco'),
('Simon Helberg'),
('Kunal Nayyar'),
('Melissa Rauch'),
('Mayim Bialik'),
('Jennifer Aniston'),
('Courteney Cox'),
('Lisa Kudrow'),
('David Schwimmer'),
('Matthew Perry'),
('Matt LeBlanc'),
('Amybeth McNulty'),
('Geraldine James'),
('R. H. Thomson'),
('Corrine Koslo'),
('Dalila Bela'),
('Lucas Jade Zumann'),
('Gillian Anderson'),
('David Duchovny'),
('Mitch Pileggi'),
('Robert Patrick'),
('Tom Braidwood'),
('Bruce Harwood'),
('Jared Harris'),
('Stellan Skarsgård'),
('Emily Watson'),
('Paul Ritter'),
('Jessie Buckley'),
('Adam Nagaitis'),
('Evan Rachel Wood'),
('Thandie Newton'),
('Jeffrey Wright'),
('Tessa Thompson'),
('Ed Harris'),
('Luke Hemsworth'),
('Lee Pace'),
('Scoot McNairy'),
('Mackenzie Davis'),
('Kerry Bishé'),
('Toby Huss'),
('Alana Cavanaugh'),
('Jessica Chastain'),
('John Malkovich'),
('Colin Farrell'),
('Common'),
('Geena Davis'),
('Ioan Gruffudd'),
('Margot Robbie'),
('Ewan McGregor'),
('Mary Elizabeth Winstead'),
('Jurnee Smollett'),
('Rosie Perez'),
('Chris Messina'),
('Stacy Martin'),
('Rhona Mitra'),
('Theo James'),
('Peter Ferdinando'),
('Lia Williams'),
('Toby Jones'),
('Dwayne Johnson'),
('Kevin Hart'),
('Jack Black'),
('Karen Gillan'),
('Awkwafina'),
('Nick Jonas'),
('Miranda Cosgrove'),
('Kate Walsh'),
('Omar Epps'),
('Angus Macfadyen'),
('Jorja Fox'),
('Enver Gjokaj'),
('Bill Skarsgård'),
('Bill Hader'),
('James McAvoy'),
('Isaiah Mustafa'),
('Jay Ryan'),
('Chadwick Boseman'),
('Michael B. Jordan'),
('Lupita Nyong''o'),
('Danai Gurira'),
('Martin Freeman'),
('Daniel Kaluuya'),
('Christian Bale'),
('Matt Damon'),
('Caitriona Balfe'),
('Josh Lucas'),
('Noah Jupe'),
('Jon Bernthal'),
('Génesis Rodríguez'),
('Vincent Piazza'),
('Benjamin Sokolow'),
('Emily Bayiokos'),
('Amy Manson'),
('Luke Allen-Gale'),
('Nina Bergman'),
('Dominic Mafham'),
('James Weber Brown'),
('Lorina Kamburova'),
('Marion Cotillard'),
('Laurence Fishburne'),
('Jude Law'),
('Kate Winslet'),
('Jennifer Ehle'),
('Gwyneth Paltrow'),
('Florence Pugh'),
('David Harbour'),
('O.T. Fagbenle'),
('Rachel Weisz'),
('William Hurt'),
('Ray Winstone'),
('Kristen Wiig'),
('Jeff Daniels'),
('Michael Peña'),
('Sean Bean'),
('Kate Mara'),
('Alicia Vikander'),
('Domhnall Gleeson'),
('Oscar Isaac'),
('Sonoya Mizuno'),
('Corey Johnson'),
('Claire Selby'),
('Gana Bayarsaikhan'),
('Bryce Dallas Howard'),
('Chris Pratt'),
('Irrfan Khan'),
('Vincent D''Onofrio'),
('Omar Sy'),
('Nick Robinson'),
('Judy Greer'),
('Will Smith'),
('Alice Braga'),
('Charlie Tahan'),
('Dash Mihok'),
('Salli Richardson-Whitfield'),
('Willow Smith'),
('Emma Thompson'),
('Ryan Gosling'),
('Claire Foy'),
('Jason Clarke'),
('Kyle Chandler'),
('Corey Stoll'),
('Patrick Fugit'),
('John Boyega'),
('Scott Eastwood'),
('Cailee Spaeny'),
('Jing Tian'),
('Rinko Kikuchi'),
('Burn Gorman');


INSERT INTO Contenido_Genero (contenido_id, genero_id) VALUES
(3, (SELECT id FROM Generos WHERE nombre = 'Ciencia Ficción')),
(3, (SELECT id FROM Generos WHERE nombre = 'Fantasía')),
(4, (SELECT id FROM Generos WHERE nombre = 'Ciencia Ficción')),
(4, (SELECT id FROM Generos WHERE nombre = 'Fantasía')),
(5, (SELECT id FROM Generos WHERE nombre = 'Drama')),
(5, (SELECT id FROM Generos WHERE nombre = 'Ficción')),
(5, (SELECT id FROM Generos WHERE nombre = 'Sucesos')),
(2, (SELECT id FROM Generos WHERE nombre = 'Drama')),
(2, (SELECT id FROM Generos WHERE nombre = 'Misterio')),
(2, (SELECT id FROM Generos WHERE nombre = 'Ficción')),
(1, (SELECT id FROM Generos WHERE nombre = 'Drama')),
(1, (SELECT id FROM Generos WHERE nombre = 'Hechos verídicos')),
(6, (SELECT id FROM Generos WHERE nombre = 'Ficción')),
(6, (SELECT id FROM Generos WHERE nombre = 'Drama')),
(6, (SELECT id FROM Generos WHERE nombre = 'Misterio')),
(7, (SELECT id FROM Generos WHERE nombre = 'Crimen')),
(7, (SELECT id FROM Generos WHERE nombre = 'Suspenso')),
(7, (SELECT id FROM Generos WHERE nombre = 'Drama')),
(8, (SELECT id FROM Generos WHERE nombre = 'Aventura')),
(8, (SELECT id FROM Generos WHERE nombre = 'Sci-Fi')),
(8, (SELECT id FROM Generos WHERE nombre = 'Acción')),
(9, (SELECT id FROM Generos WHERE nombre = 'Aventura')),
(9, (SELECT id FROM Generos WHERE nombre = 'Fantasía')),
(9, (SELECT id FROM Generos WHERE nombre = 'Drama')),
(10, (SELECT id FROM Generos WHERE nombre = 'Ciencia Ficción')),
(10, (SELECT id FROM Generos WHERE nombre = 'Fantasía')),
(11, (SELECT id FROM Generos WHERE nombre = 'Comedia')),
(11, (SELECT id FROM Generos WHERE nombre = 'Fantasía')),
(11, (SELECT id FROM Generos WHERE nombre = 'Ficción')),
(12, (SELECT id FROM Generos WHERE nombre = 'Comedia')),
(12, (SELECT id FROM Generos WHERE nombre = 'Familia')),
(12, (SELECT id FROM Generos WHERE nombre = 'Drama')),
(13, (SELECT id FROM Generos WHERE nombre = 'Drama')),
(13, (SELECT id FROM Generos WHERE nombre = 'Familia')),
(13, (SELECT id FROM Generos WHERE nombre = 'Western')),
(14, (SELECT id FROM Generos WHERE nombre = 'Drama')),
(14, (SELECT id FROM Generos WHERE nombre = 'Ciencia Ficción')),
(15, (SELECT id FROM Generos WHERE nombre = 'Drama')),
(15, (SELECT id FROM Generos WHERE nombre = 'Hechos verídicos')),
(16, (SELECT id FROM Generos WHERE nombre = 'Western')),
(16, (SELECT id FROM Generos WHERE nombre = 'Ciencia Ficción')),
(17, (SELECT id FROM Generos WHERE nombre = 'Ficción')),
(17, (SELECT id FROM Generos WHERE nombre = 'Drama')),
(17, (SELECT id FROM Generos WHERE nombre = 'Tecnología')),
(18, (SELECT id FROM Generos WHERE nombre = 'Acción')),
(18, (SELECT id FROM Generos WHERE nombre = 'Drama')),
(18, (SELECT id FROM Generos WHERE nombre = 'Suspenso')),
(19, (SELECT id FROM Generos WHERE nombre = 'Acción')),
(19, (SELECT id FROM Generos WHERE nombre = 'Ficción')),
(19, (SELECT id FROM Generos WHERE nombre = 'Comedia')),
(20, (SELECT id FROM Generos WHERE nombre = 'Acción')),
(20, (SELECT id FROM Generos WHERE nombre = 'Sci-Fi')),
(20, (SELECT id FROM Generos WHERE nombre = 'Suspenso')),
(21, (SELECT id FROM Generos WHERE nombre = 'Comedia')),
(21, (SELECT id FROM Generos WHERE nombre = 'Ficción')),
(21, (SELECT id FROM Generos WHERE nombre = 'Aventura')),
(22, (SELECT id FROM Generos WHERE nombre = 'Ciencia Ficción')),
(22, (SELECT id FROM Generos WHERE nombre = 'Suspenso')),
(23, (SELECT id FROM Generos WHERE nombre = 'Terror')),
(23, (SELECT id FROM Generos WHERE nombre = 'Suspenso')),
(23, (SELECT id FROM Generos WHERE nombre = 'Fantasía')),
(24, (SELECT id FROM Generos WHERE nombre = 'Acción')),
(24, (SELECT id FROM Generos WHERE nombre = 'Aventura')),
(24, (SELECT id FROM Generos WHERE nombre = 'Fantasía')),
(25, (SELECT id FROM Generos WHERE nombre = 'Drama')),
(25, (SELECT id FROM Generos WHERE nombre = 'Historia')),
(25, (SELECT id FROM Generos WHERE nombre = 'Aventura')),
(26, (SELECT id FROM Generos WHERE nombre = 'Drama')),
(26, (SELECT id FROM Generos WHERE nombre = 'Suspenso')),
(26, (SELECT id FROM Generos WHERE nombre = 'Intriga')),
(27, (SELECT id FROM Generos WHERE nombre = 'Acción')),
(27, (SELECT id FROM Generos WHERE nombre = 'Sci-Fi')),
(27, (SELECT id FROM Generos WHERE nombre = 'Terror')),
(28, (SELECT id FROM Generos WHERE nombre = 'Drama')),
(28, (SELECT id FROM Generos WHERE nombre = 'Suspenso')),
(28, (SELECT id FROM Generos WHERE nombre = '¿Ficción?')),
(29, (SELECT id FROM Generos WHERE nombre = 'Drama')),
(29, (SELECT id FROM Generos WHERE nombre = 'Acción')),
(29, (SELECT id FROM Generos WHERE nombre = 'Aventura')),
(30, (SELECT id FROM Generos WHERE nombre = 'Drama')),
(30, (SELECT id FROM Generos WHERE nombre = 'Sci-Fi')),
(30, (SELECT id FROM Generos WHERE nombre = 'Aventura')),
(31, (SELECT id FROM Generos WHERE nombre = 'Drama')),
(31, (SELECT id FROM Generos WHERE nombre = 'Sci-Fi')),
(31, (SELECT id FROM Generos WHERE nombre = 'Suspenso')),
(32, (SELECT id FROM Generos WHERE nombre = 'Suspenso')),
(32, (SELECT id FROM Generos WHERE nombre = 'Aventura')),
(32, (SELECT id FROM Generos WHERE nombre = 'Ficción')),
(33, (SELECT id FROM Generos WHERE nombre = 'Drama')),
(33, (SELECT id FROM Generos WHERE nombre = 'Terror')),
(33, (SELECT id FROM Generos WHERE nombre = 'Ficción')),
(34, (SELECT id FROM Generos WHERE nombre = 'Drama')),
(34, (SELECT id FROM Generos WHERE nombre = 'Hechos veríficos')),
(35, (SELECT id FROM Generos WHERE nombre = 'Acción')),
(35, (SELECT id FROM Generos WHERE nombre = 'Fantasía')),
(35, (SELECT id FROM Generos WHERE nombre = 'Sci-Fi'));


INSERT INTO Contenido_Actor (contenido_id, actor_id) VALUES
(3, (SELECT id FROM Actores WHERE nombre = 'Pedro Pascal')),
(3, (SELECT id FROM Actores WHERE nombre = 'Carl Weathers')),
(3, (SELECT id FROM Actores WHERE nombre = 'Misty Rosas')),
(3, (SELECT id FROM Actores WHERE nombre = 'Chris Bartlett')),
(3, (SELECT id FROM Actores WHERE nombre = 'Rio Hackford')),
(3, (SELECT id FROM Actores WHERE nombre = 'Giancarlo Esposito')),
(4, (SELECT id FROM Actores WHERE nombre = 'Tom Hopper')),
(4, (SELECT id FROM Actores WHERE nombre = 'David Castañeda')),
(4, (SELECT id FROM Actores WHERE nombre = 'Emmy Raver-Lampman')),
(4, (SELECT id FROM Actores WHERE nombre = 'Robert Sheehan')),
(4, (SELECT id FROM Actores WHERE nombre = 'Aidan Gallagher')),
(4, (SELECT id FROM Actores WHERE nombre = 'Elliot Page')),
(5, (SELECT id FROM Actores WHERE nombre = 'Anya Taylor-Joy')),
(5, (SELECT id FROM Actores WHERE nombre = 'Thomas Brodie-Sangster')),
(5, (SELECT id FROM Actores WHERE nombre = 'Harry Melling')),
(5, (SELECT id FROM Actores WHERE nombre = 'Moses Ingram')),
(5, (SELECT id FROM Actores WHERE nombre = 'Chloe Pirrie')),
(5, (SELECT id FROM Actores WHERE nombre = 'Janina Elkin')),
(2, (SELECT id FROM Actores WHERE nombre = 'Lili Reinhart')),
(2, (SELECT id FROM Actores WHERE nombre = 'Casey Cott')),
(2, (SELECT id FROM Actores WHERE nombre = 'Camila Mendes')),
(2, (SELECT id FROM Actores WHERE nombre = 'Marisol Nichols')),
(2, (SELECT id FROM Actores WHERE nombre = 'Madelaine Petsch')),
(2, (SELECT id FROM Actores WHERE nombre = 'Mädchen Amick')),
(1, (SELECT id FROM Actores WHERE nombre = 'Claire Fox')),
(1, (SELECT id FROM Actores WHERE nombre = 'Olivia Colman')),
(1, (SELECT id FROM Actores WHERE nombre = 'Matt Smith')),
(1, (SELECT id FROM Actores WHERE nombre = 'Tobias Menzies')),
(1, (SELECT id FROM Actores WHERE nombre = 'Vanesa Kirby')),
(1, (SELECT id FROM Actores WHERE nombre = 'Helena Bonham Carter')),
(6, (SELECT id FROM Actores WHERE nombre = 'Millie Bobby Brown')),
(6, (SELECT id FROM Actores WHERE nombre = 'Henry Cavill')),
(6, (SELECT id FROM Actores WHERE nombre = 'Sam Claflin')),
(6, (SELECT id FROM Actores WHERE nombre = 'Helena Bonham Carter')),
(6, (SELECT id FROM Actores WHERE nombre = 'Louis Partridge')),
(6, (SELECT id FROM Actores WHERE nombre = 'Adeel Akhtar')),
(7, (SELECT id FROM Actores WHERE nombre = 'Joaquin Phoenix')),
(7, (SELECT id FROM Actores WHERE nombre = 'Robert De Niro')),
(7, (SELECT id FROM Actores WHERE nombre = 'Zazie Beetz')),
(7, (SELECT id FROM Actores WHERE nombre = 'Frances Conroy')),
(7, (SELECT id FROM Actores WHERE nombre = 'Brett Cullen')),
(7, (SELECT id FROM Actores WHERE nombre = 'Shea Whigham')),
(8, (SELECT id FROM Actores WHERE nombre = 'Robert Downey Jr.')),
(8, (SELECT id FROM Actores WHERE nombre = 'Chris Evans')),
(8, (SELECT id FROM Actores WHERE nombre = 'Mark Ruffalo')),
(8, (SELECT id FROM Actores WHERE nombre = 'Chris Hemsworth')),
(8, (SELECT id FROM Actores WHERE nombre = 'Scarlett Johansson')),
(8, (SELECT id FROM Actores WHERE nombre = 'Jeremy Renner')),
(9, (SELECT id FROM Actores WHERE nombre = 'Emilia Clarke')),
(9, (SELECT id FROM Actores WHERE nombre = 'Lena Headey')),
(9, (SELECT id FROM Actores WHERE nombre = 'Sophie Turner')),
(9, (SELECT id FROM Actores WHERE nombre = 'Kit Harington')),
(9, (SELECT id FROM Actores WHERE nombre = 'Peter Dinklage')),
(9, (SELECT id FROM Actores WHERE nombre = 'Nikolaj Coster-Waldau')),
(10, (SELECT id FROM Actores WHERE nombre = 'Grant Gustin')),
(10, (SELECT id FROM Actores WHERE nombre = 'Carlos Valdes')),
(10, (SELECT id FROM Actores WHERE nombre = 'Danielle Panabaker')),
(10, (SELECT id FROM Actores WHERE nombre = 'Candice Patton')),
(10, (SELECT id FROM Actores WHERE nombre = 'Jesse L. Martin')),
(10, (SELECT id FROM Actores WHERE nombre = 'Tom Cavanagh')),
(11, (SELECT id FROM Actores WHERE nombre = 'Jim Parsons')),
(11, (SELECT id FROM Actores WHERE nombre = 'Johnny Galecki')),
(11, (SELECT id FROM Actores WHERE nombre = 'Kaley Cuoco')),
(11, (SELECT id FROM Actores WHERE nombre = 'Simon Helberg')),
(11, (SELECT id FROM Actores WHERE nombre = 'Kunal Nayyar')),
(11, (SELECT id FROM Actores WHERE nombre = 'Melissa Rauch')),
(11, (SELECT id FROM Actores WHERE nombre = 'Mayim Bialik')),
(12, (SELECT id FROM Actores WHERE nombre = 'Jennifer Aniston')),
(12, (SELECT id FROM Actores WHERE nombre = 'Courteney Cox')),
(12, (SELECT id FROM Actores WHERE nombre = 'Lisa Kudrow')),
(12, (SELECT id FROM Actores WHERE nombre = 'David Schwimmer')),
(12, (SELECT id FROM Actores WHERE nombre = 'Matthew Perry')),
(12, (SELECT id FROM Actores WHERE nombre = 'Matt LeBlanc')),
(13, (SELECT id FROM Actores WHERE nombre = 'Amybeth McNulty')),
(13, (SELECT id FROM Actores WHERE nombre = 'Geraldine James')),
(13, (SELECT id FROM Actores WHERE nombre = 'R. H. Thomson')),
(13, (SELECT id FROM Actores WHERE nombre = 'Corrine Koslo')),
(13, (SELECT id FROM Actores WHERE nombre = 'Dalila Bela')),
(13, (SELECT id FROM Actores WHERE nombre = 'Lucas Jade Zumann')),
(14, (SELECT id FROM Actores WHERE nombre = 'Gillian Anderson')),
(14, (SELECT id FROM Actores WHERE nombre = 'David Duchovny')),
(14, (SELECT id FROM Actores WHERE nombre = 'Mitch Pileggi')),
(14, (SELECT id FROM Actores WHERE nombre = 'Robert Patrick')),
(14, (SELECT id FROM Actores WHERE nombre = 'Tom Braidwood')),
(14, (SELECT id FROM Actores WHERE nombre = 'Bruce Harwood')),
(15, (SELECT id FROM Actores WHERE nombre = 'Jared Harris')),
(15, (SELECT id FROM Actores WHERE nombre = 'Stellan Skarsgård')),
(15, (SELECT id FROM Actores WHERE nombre = 'Emily Watson')),
(15, (SELECT id FROM Actores WHERE nombre = 'Paul Ritter')),
(15, (SELECT id FROM Actores WHERE nombre = 'Jessie Buckley')),
(15, (SELECT id FROM Actores WHERE nombre = 'Adam Nagaitis')),
(16, (SELECT id FROM Actores WHERE nombre = 'Evan Rachel Wood')),
(16, (SELECT id FROM Actores WHERE nombre = 'Thandie Newton')),
(16, (SELECT id FROM Actores WHERE nombre = 'Jeffrey Wright')),
(16, (SELECT id FROM Actores WHERE nombre = 'Tessa Thompson')),
(16, (SELECT id FROM Actores WHERE nombre = 'Ed Harris')),
(16, (SELECT id FROM Actores WHERE nombre = 'Luke Hemsworth')),
(17, (SELECT id FROM Actores WHERE nombre = 'Lee Pace')),
(17, (SELECT id FROM Actores WHERE nombre = 'Scoot McNairy')),
(17, (SELECT id FROM Actores WHERE nombre = 'Mackenzie Davis')),
(17, (SELECT id FROM Actores WHERE nombre = 'Kerry Bishé')),
(17, (SELECT id FROM Actores WHERE nombre = 'Toby Huss')),
(17, (SELECT id FROM Actores WHERE nombre = 'Alana Cavanaugh')),
(18, (SELECT id FROM Actores WHERE nombre = 'Jessica Chastain')),
(18, (SELECT id FROM Actores WHERE nombre = 'John Malkovich')),
(18, (SELECT id FROM Actores WHERE nombre = 'Colin Farrell')),
(18, (SELECT id FROM Actores WHERE nombre = 'Common')),
(18, (SELECT id FROM Actores WHERE nombre = 'Geena Davis')),
(18, (SELECT id FROM Actores WHERE nombre = 'Ioan Gruffudd')),
(19, (SELECT id FROM Actores WHERE nombre = 'Margot Robbie')),
(19, (SELECT id FROM Actores WHERE nombre = 'Ewan McGregor')),
(19, (SELECT id FROM Actores WHERE nombre = 'Mary Elizabeth Winstead')),
(19, (SELECT id FROM Actores WHERE nombre = 'Jurnee Smollett')),
(19, (SELECT id FROM Actores WHERE nombre = 'Rosie Perez')),
(19, (SELECT id FROM Actores WHERE nombre = 'Chris Messina')),
(20, (SELECT id FROM Actores WHERE nombre = 'Stacy Martin')),
(20, (SELECT id FROM Actores WHERE nombre = 'Rhona Mitra')),
(20, (SELECT id FROM Actores WHERE nombre = 'Theo James')),
(20, (SELECT id FROM Actores WHERE nombre = 'Peter Ferdinando')),
(20, (SELECT id FROM Actores WHERE nombre = 'Lia Williams')),
(20, (SELECT id FROM Actores WHERE nombre = 'Toby Jones')),
(21, (SELECT id FROM Actores WHERE nombre = 'Dwayne Johnson')),
(21, (SELECT id FROM Actores WHERE nombre = 'Kevin Hart')),
(21, (SELECT id FROM Actores WHERE nombre = 'Jack Black')),
(21, (SELECT id FROM Actores WHERE nombre = 'Karen Gillan')),
(21, (SELECT id FROM Actores WHERE nombre = 'Awkwafina')),
(21, (SELECT id FROM Actores WHERE nombre = 'Nick Jonas')),
(22, (SELECT id FROM Actores WHERE nombre = 'Miranda Cosgrove')),
(22, (SELECT id FROM Actores WHERE nombre = 'Kate Walsh')),
(22, (SELECT id FROM Actores WHERE nombre = 'Omar Epps')),
(22, (SELECT id FROM Actores WHERE nombre = 'Angus Macfadyen')),
(22, (SELECT id FROM Actores WHERE nombre = 'Jorja Fox')),
(22, (SELECT id FROM Actores WHERE nombre = 'Enver Gjokaj')),
(23, (SELECT id FROM Actores WHERE nombre = 'Bill Skarsgård')),
(23, (SELECT id FROM Actores WHERE nombre = 'Jessica Chastain')),
(23, (SELECT id FROM Actores WHERE nombre = 'Bill Hader')),
(23, (SELECT id FROM Actores WHERE nombre = 'James McAvoy')),
(23, (SELECT id FROM Actores WHERE nombre = 'Isaiah Mustafa')),
(23, (SELECT id FROM Actores WHERE nombre = 'Jay Ryan')),
(24, (SELECT id FROM Actores WHERE nombre = 'Chadwick Boseman')),
(24, (SELECT id FROM Actores WHERE nombre = 'Michael B. Jordan')),
(24, (SELECT id FROM Actores WHERE nombre = 'Lupita Nyong''o')),
(24, (SELECT id FROM Actores WHERE nombre = 'Danai Gurira')),
(24, (SELECT id FROM Actores WHERE nombre = 'Martin Freeman')),
(24, (SELECT id FROM Actores WHERE nombre = 'Daniel Kaluuya')),
(25, (SELECT id FROM Actores WHERE nombre = 'Christian Bale')),
(25, (SELECT id FROM Actores WHERE nombre = 'Matt Damon')),
(25, (SELECT id FROM Actores WHERE nombre = 'Caitriona Balfe')),
(25, (SELECT id FROM Actores WHERE nombre = 'Josh Lucas')),
(25, (SELECT id FROM Actores WHERE nombre = 'Noah Jupe')),
(25, (SELECT id FROM Actores WHERE nombre = 'Jon Bernthal')),
(26, (SELECT id FROM Actores WHERE nombre = 'Génesis Rodríguez')),
(26, (SELECT id FROM Actores WHERE nombre = 'Vincent Piazza')),
(26, (SELECT id FROM Actores WHERE nombre = 'Benjamin Sokolow')),
(26, (SELECT id FROM Actores WHERE nombre = 'Emily Bayiokos')),
(27, (SELECT id FROM Actores WHERE nombre = 'Amy Manson')),
(27, (SELECT id FROM Actores WHERE nombre = 'Luke Allen-Gale')),
(27, (SELECT id FROM Actores WHERE nombre = 'Nina Bergman')),
(27, (SELECT id FROM Actores WHERE nombre = 'Dominic Mafham')),
(27, (SELECT id FROM Actores WHERE nombre = 'James Weber Brown')),
(27, (SELECT id FROM Actores WHERE nombre = 'Lorina Kamburova')),
(28, (SELECT id FROM Actores WHERE nombre = 'Marion Cotillard')),
(28, (SELECT id FROM Actores WHERE nombre = 'Matt Damon')),
(28, (SELECT id FROM Actores WHERE nombre = 'Laurence Fishburne')),
(28, (SELECT id FROM Actores WHERE nombre = 'Jude Law')),
(28, (SELECT id FROM Actores WHERE nombre = 'Kate Winslet')),
(28, (SELECT id FROM Actores WHERE nombre = 'Jennifer Ehle')),
(28, (SELECT id FROM Actores WHERE nombre = 'Gwyneth Paltrow')),
(29, (SELECT id FROM Actores WHERE nombre = 'Scarlett Johansson')),
(29, (SELECT id FROM Actores WHERE nombre = 'Florence Pugh')),
(29, (SELECT id FROM Actores WHERE nombre = 'David Harbour')),
(29, (SELECT id FROM Actores WHERE nombre = 'O.T. Fagbenle')),
(29, (SELECT id FROM Actores WHERE nombre = 'Rachel Weisz')),
(29, (SELECT id FROM Actores WHERE nombre = 'William Hurt')),
(29, (SELECT id FROM Actores WHERE nombre = 'Ray Winstone')),
(30, (SELECT id FROM Actores WHERE nombre = 'Matt Damon')),
(30, (SELECT id FROM Actores WHERE nombre = 'Jessica Chastain')),
(30, (SELECT id FROM Actores WHERE nombre = 'Kristen Wiig')),
(30, (SELECT id FROM Actores WHERE nombre = 'Jeff Daniels')),
(30, (SELECT id FROM Actores WHERE nombre = 'Michael Peña')),
(30, (SELECT id FROM Actores WHERE nombre = 'Sean Bean')),
(30, (SELECT id FROM Actores WHERE nombre = 'Kate Mara')),
(31, (SELECT id FROM Actores WHERE nombre = 'Alicia Vikander')),
(31, (SELECT id FROM Actores WHERE nombre = 'Domhnall Gleeson')),
(31, (SELECT id FROM Actores WHERE nombre = 'Oscar Isaac')),
(31, (SELECT id FROM Actores WHERE nombre = 'Sonoya Mizuno')),
(31, (SELECT id FROM Actores WHERE nombre = 'Corey Johnson')),
(31, (SELECT id FROM Actores WHERE nombre = 'Claire Selby')),
(31, (SELECT id FROM Actores WHERE nombre = 'Gana Bayarsaikhan')),
(32, (SELECT id FROM Actores WHERE nombre = 'Bryce Dallas Howard')),
(32, (SELECT id FROM Actores WHERE nombre = 'Chris Pratt')),
(32, (SELECT id FROM Actores WHERE nombre = 'Irrfan Khan')),
(32, (SELECT id FROM Actores WHERE nombre = 'Vincent D''Onofrio')),
(32, (SELECT id FROM Actores WHERE nombre = 'Omar Sy')),
(32, (SELECT id FROM Actores WHERE nombre = 'Nick Robinson')),
(32, (SELECT id FROM Actores WHERE nombre = 'Judy Greer')),
(33, (SELECT id FROM Actores WHERE nombre = 'Will Smith')),
(33, (SELECT id FROM Actores WHERE nombre = 'Alice Braga')),
(33, (SELECT id FROM Actores WHERE nombre = 'Charlie Tahan')),
(33, (SELECT id FROM Actores WHERE nombre = 'Dash Mihok')),
(33, (SELECT id FROM Actores WHERE nombre = 'Salli Richardson-Whitfield')),
(33, (SELECT id FROM Actores WHERE nombre = 'Willow Smith')),
(33, (SELECT id FROM Actores WHERE nombre = 'Emma Thompson')),
(34, (SELECT id FROM Actores WHERE nombre = 'Ryan Gosling')),
(34, (SELECT id FROM Actores WHERE nombre = 'Claire Foy')),
(34, (SELECT id FROM Actores WHERE nombre = 'Jason Clarke')),
(34, (SELECT id FROM Actores WHERE nombre = 'Kyle Chandler')),
(34, (SELECT id FROM Actores WHERE nombre = 'Corey Stoll')),
(34, (SELECT id FROM Actores WHERE nombre = 'Patrick Fugit')),
(35, (SELECT id FROM Actores WHERE nombre = 'John Boyega')),
(35, (SELECT id FROM Actores WHERE nombre = 'Scott Eastwood')),
(35, (SELECT id FROM Actores WHERE nombre = 'Cailee Spaeny')),
(35, (SELECT id FROM Actores WHERE nombre = 'Jing Tian')),
(35, (SELECT id FROM Actores WHERE nombre = 'Rinko Kikuchi')),
(35, (SELECT id FROM Actores WHERE nombre = 'Burn Gorman'));
